Product_ID,Category,Price,Quantity_Sold,Ratings
101,Clothing,441,257,4.4
102,Clothing,543,124,4.3
103,Electronics,593,205,4.6
104,Electronics,385,297,4.8
105,Home,336,185,3.4
106,Home,479,176,4.6
107,Clothing,536,181,3.2
108,Home,88,280,4.9
109,Electronics,90,123,3.5
110,Electronics,331,209,4.5
111,Clothing,113,248,3.3
112,Clothing,370,192,3.3
113,Home,365,269,3.9
114,Electronics,199,102,3.8
115,Electronics,325,158,4.5
116,Home,137,64,3.3
117,Home,457,189,4.7
118,Clothing,395,151,4.4
119,Clothing,64,145,4
120,Electronics,257,296,3.1
121,Clothing,587,127,3.3
122,Clothing,227,140,4.9
123,Clothing,129,236,3.7
124,Electronics,226,153,3.7
125,Electronics,67,226,5
126,Electronics,331,138,4.1
127,Electronics,376,276,4.8
128,Clothing,230,221,4.2
129,Home,216,233,3.4
130,Clothing,165,116,3.7
131,Clothing,148,93,3.9
132,Clothing,115,144,4.7
133,Clothing,305,273,3.4
134,Home,520,180,3.6
135,Clothing,164,280,4.6
136,Clothing,337,209,3.8
137,Electronics,21,251,3.7
138,Electronics,453,171,3.8
139,Electronics,147,244,3.3
140,Electronics,199,200,3.2
141,Electronics,233,265,4.2
142,Electronics,83,84,3.8
143,Clothing,498,219,3.8
144,Electronics,99,95,4.8
145,Clothing,467,216,3.2
146,Home,35,238,3.3
147,Electronics,551,119,4.6
148,Home,415,250,3
149,Clothing,590,157,4.4
150,Home,191,87,3.8
151,Electronics,96,68,3.4
152,Clothing,223,254,4.6
153,Home,410,286,4.4
154,Clothing,538,125,4.3
155,Home,432,112,3.8
156,Home,384,175,3.8
157,Clothing,70,190,3.2
158,Electronics,424,87,3.9
159,Electronics,90,110,4.5
160,Electronics,583,77,5
161,Clothing,392,288,3.3
162,Electronics,148,168,3.4
163,Clothing,121,251,3.8
164,Electronics,397,157,3.6
165,Electronics,210,269,3.7
166,Electronics,181,53,3.5
167,Clothing,134,254,4.1
168,Electronics,313,76,3.9
169,Clothing,434,234,3.8
170,Home,142,260,4.3
171,Clothing,252,93,4.4
172,Clothing,298,162,4
173,Home,406,137,4.9
174,Electronics,576,206,4.5
175,Clothing,400,169,4.3
176,Home,485,175,3.8
177,Home,414,222,4.3
178,Clothing,82,104,4.5
179,Home,41,206,3.3
180,Electronics,199,64,3.6
181,Clothing,113,293,4.1
182,Electronics,20,54,3.9
183,Clothing,240,102,3.1
184,Home,87,149,3.2
185,Electronics,48,230,3.8
186,Clothing,362,242,4.1
187,Clothing,84,246,4.1
188,Home,546,271,3.8
189,Electronics,476,241,4.1
190,Clothing,159,266,3
191,Clothing,471,191,3.6
192,Clothing,485,119,3.1
193,Clothing,84,267,3.7
194,Clothing,218,69,4.1
195,Electronics,348,127,4.4
196,Electronics,247,261,4.8
197,Electronics,474,260,4.4
198,Clothing,308,237,3.8
199,Electronics,557,146,3.3
200,Clothing,176,283,4.9
201,Electronics,261,137,4.4
202,Electronics,73,211,3.1
203,Home,149,273,4.8
204,Electronics,586,236,3.1
205,Electronics,262,269,3.2
206,Electronics,536,229,4.2
207,Clothing,503,211,3.1
208,Home,222,139,4.8
209,Home,37,110,3.7
210,Home,258,150,3.6
211,Home,545,248,4.7
212,Home,454,249,4.5
213,Clothing,41,191,3.6
214,Home,264,96,4.4
215,Electronics,397,273,3.8
216,Electronics,67,122,4
217,Home,120,143,3.3
218,Home,281,100,4.3
219,Clothing,309,180,4.6
220,Clothing,152,296,4.3
221,Home,297,237,4.3
222,Electronics,547,67,3.1
223,Home,394,248,3.6
224,Electronics,360,98,3.6
225,Electronics,132,265,4.9
226,Electronics,313,195,4
227,Clothing,106,71,4.3
228,Electronics,421,226,4.1
229,Home,575,279,4.3
230,Electronics,344,110,4.3
231,Home,396,92,3.9
232,Electronics,575,281,3.4
233,Electronics,529,204,4.3
234,Clothing,257,94,4.1
235,Home,46,241,4.3
236,Home,593,162,4.5
237,Electronics,511,132,4.7
238,Clothing,576,107,4.5
239,Electronics,418,269,4.1
240,Clothing,90,118,3.8
241,Electronics,535,55,3.3
242,Electronics,152,299,4.7
243,Electronics,469,108,3
244,Clothing,534,56,3.7
245,Home,425,173,3.1
246,Clothing,492,250,3.1
247,Clothing,103,151,4.9
248,Home,62,166,4.2
249,Clothing,125,53,4.7
250,Home,410,148,3.7
251,Electronics,208,260,3.2
252,Electronics,37,56,5
253,Electronics,97,80,4.3
254,Electronics,491,250,4.9
255,Electronics,450,62,3.7
256,Home,307,260,3.5
257,Electronics,68,188,4.2
258,Clothing,68,235,3.6
259,Electronics,394,173,4.7
260,Electronics,297,279,4.8
261,Clothing,330,275,4.9
262,Home,429,254,3
263,Home,464,74,4.3
264,Electronics,208,90,4.8
265,Electronics,578,207,3.6
266,Home,196,257,3.6
267,Home,410,57,3.6
268,Home,47,122,3.8
269,Clothing,74,158,3.4
270,Home,441,138,4.8
271,Home,411,234,4.4
272,Electronics,63,148,4.2
273,Home,71,90,3.6
274,Electronics,559,133,3.7
275,Electronics,440,207,3.2
276,Home,85,235,4.1
277,Electronics,68,202,4
278,Clothing,156,238,4.9
279,Home,219,284,4.7
280,Home,198,104,3.3
281,Electronics,183,203,4.9
282,Home,275,50,4.8
283,Clothing,27,280,4.6
284,Clothing,464,167,3.4
285,Clothing,581,268,3.2
286,Electronics,167,284,3.3
287,Electronics,436,189,4.8
288,Home,195,85,4.7
289,Electronics,573,55,5
290,Electronics,522,186,3.7
291,Home,272,174,4.2
292,Home,553,60,3.6
293,Clothing,29,274,3.2
294,Home,404,239,4.6
295,Home,289,293,4.8
296,Clothing,379,78,4.4
297,Electronics,511,251,4.4
298,Electronics,470,134,4.2
299,Clothing,226,221,3.7
300,Electronics,165,218,4.6
301,Electronics,136,58,3.8
302,Electronics,576,123,4
303,Electronics,167,106,4.9
304,Clothing,112,67,5
305,Home,68,87,4.5
306,Clothing,127,147,3.8
307,Home,526,260,3.4
308,Home,390,284,3.7
309,Electronics,442,205,4.4
310,Clothing,244,266,4
311,Home,193,220,4.9
312,Home,456,73,4.4
313,Electronics,277,50,4
314,Clothing,505,194,4.5
315,Electronics,81,127,4.7
316,Clothing,22,80,4.4
317,Clothing,375,128,3.3
318,Home,275,201,4.5
319,Home,305,257,4.4
320,Electronics,237,247,3.6
321,Electronics,345,232,4.4
322,Electronics,548,85,4.4
323,Home,243,213,4.8
324,Home,182,279,3.6
325,Clothing,173,156,4.4
326,Electronics,100,102,4.4
327,Clothing,567,179,4.5
328,Electronics,136,105,3.7
329,Clothing,22,297,3.4
330,Electronics,247,84,4
331,Home,143,137,3.3
332,Electronics,412,88,4.8
333,Clothing,181,225,3.5
334,Clothing,447,51,3
335,Clothing,274,93,3
336,Electronics,279,130,3.6
337,Home,114,77,4.1
338,Home,234,188,3.5
339,Clothing,422,228,3.1
340,Electronics,101,283,3.3
341,Home,291,225,4.6
342,Electronics,221,73,4.1
343,Home,363,186,3.1
344,Clothing,446,251,3.4
345,Electronics,590,52,3
346,Electronics,37,65,4.9
347,Clothing,317,285,4.7
348,Home,114,190,3.7
349,Clothing,27,283,4.3
350,Home,343,143,4.2
351,Electronics,214,243,4.7
352,Electronics,132,204,4
353,Electronics,519,233,4.6
354,Electronics,339,290,4.5
355,Home,405,153,4.6
356,Home,572,162,4.8
357,Clothing,508,129,4.6
358,Clothing,202,106,4.5
359,Home,336,124,3.3
360,Clothing,568,65,5
361,Home,359,187,3.9
362,Electronics,587,175,4.3
363,Electronics,100,207,3.7
364,Home,569,156,4
365,Clothing,545,206,3.7
366,Home,460,241,3.6
367,Electronics,229,116,3.7
368,Clothing,222,108,3.3
369,Clothing,67,117,4.7
370,Electronics,365,204,4.7
371,Clothing,72,294,4.2
372,Electronics,478,193,4.1
373,Electronics,32,280,4.3
374,Clothing,116,271,4.1
375,Home,498,83,4.7
376,Clothing,49,104,3.7
377,Clothing,382,115,4
378,Electronics,99,54,3.6
379,Electronics,465,134,4.4
380,Electronics,364,151,4.2
381,Home,32,174,4.8
382,Home,371,75,3.3
383,Clothing,141,82,3.2
384,Electronics,506,62,4.4
385,Home,194,148,3.3
386,Electronics,140,213,4.8
387,Electronics,460,275,4.1
388,Home,187,242,3.8
389,Clothing,463,279,4.1
390,Clothing,467,61,4.4
391,Electronics,452,262,3.5
392,Electronics,597,286,3.6
393,Clothing,265,66,4.2
394,Home,491,54,3.1
395,Electronics,573,268,4.6
396,Home,93,61,5
397,Electronics,395,189,4.5
398,Electronics,149,63,4.8
399,Electronics,533,193,3.1
400,Clothing,314,234,3.2
401,Electronics,88,262,4
402,Home,22,193,3.7
403,Clothing,188,165,3
404,Home,378,59,4.2
405,Home,291,263,4.1
406,Clothing,434,145,3.7
407,Electronics,246,207,3.7
408,Electronics,444,111,4.8
409,Home,419,199,4.2
410,Clothing,260,90,3.4
411,Home,267,274,4.7
412,Clothing,326,219,4.6
413,Home,492,172,3.2
414,Electronics,431,168,3.7
415,Clothing,221,186,4.8
416,Home,461,113,4.6
417,Clothing,358,82,4.6
418,Clothing,467,50,4.6
419,Electronics,559,136,3.3
420,Electronics,512,190,4.3
421,Home,558,215,4.6
422,Home,432,72,3.8
423,Home,113,256,3.5
424,Home,169,129,4.1
425,Home,225,255,4.9
426,Clothing,252,225,4.4
427,Electronics,583,108,3.4
428,Home,186,62,4.9
429,Electronics,532,214,4.2
430,Home,335,96,4.6
431,Electronics,369,72,4.9
432,Electronics,301,127,3.9
433,Electronics,444,285,4
434,Clothing,359,196,4.5
435,Electronics,151,167,3
436,Clothing,588,152,4.2
437,Home,242,85,3.4
438,Electronics,96,51,5
439,Electronics,45,101,3.1
440,Clothing,593,160,4.6
441,Electronics,475,171,4.9
442,Electronics,523,89,3
443,Clothing,201,84,3.1
444,Home,240,255,4.2
445,Clothing,84,101,3.3
446,Electronics,413,156,5
447,Clothing,408,128,3.8
448,Home,364,117,3.1
449,Electronics,205,225,4.4
450,Clothing,380,145,3.4
451,Home,232,262,4.9
452,Clothing,224,105,3.1
453,Electronics,586,225,3.6
454,Home,309,144,4.1
455,Home,486,97,3.1
456,Home,120,264,4.4
457,Electronics,220,212,4.4
458,Clothing,46,132,3.4
459,Home,248,147,4.9
460,Clothing,196,223,3.6
461,Clothing,207,56,4.4
462,Clothing,41,53,3.8
463,Electronics,493,216,4.9
464,Electronics,325,79,4.9
465,Electronics,448,276,3.3
466,Electronics,450,132,4.1
467,Clothing,568,97,3.8
468,Clothing,211,194,4.2
469,Electronics,150,89,4.4
470,Electronics,106,108,4.2
471,Home,300,246,3.7
472,Clothing,365,235,4.4
473,Electronics,34,233,3.3
474,Clothing,456,234,3.6
475,Electronics,588,251,3.6
476,Clothing,571,55,3.7
477,Clothing,315,243,3.8
478,Clothing,227,197,4.1
479,Home,520,126,4.5
480,Clothing,36,186,4.5
481,Clothing,409,199,3.4
482,Clothing,80,170,3.8
483,Home,106,144,4.9
484,Electronics,216,214,4.7
485,Electronics,130,139,3.8
486,Clothing,461,54,3.5
487,Home,155,261,4.4
488,Clothing,320,223,3.3
489,Home,355,296,3.1
490,Clothing,128,207,3.4
491,Clothing,590,208,3.9
492,Clothing,202,89,4.5
493,Electronics,584,245,4.6
494,Electronics,530,234,4.2
495,Clothing,566,295,3.3
496,Clothing,27,102,4.7
497,Home,399,206,4
498,Electronics,570,222,3.1
499,Electronics,359,90,4.2
500,Electronics,490,297,4.1
501,Electronics,471,288,4.3
502,Home,278,64,4.4
503,Electronics,550,88,4.5
504,Electronics,83,257,3.2
505,Clothing,544,283,4.3
506,Electronics,477,243,3.7
507,Electronics,469,258,3.5
508,Electronics,472,254,4.6
509,Clothing,135,253,4.7
510,Home,131,124,3.3
511,Home,251,166,3.5
512,Home,568,207,4.4
513,Electronics,66,167,3.1
514,Electronics,247,224,3.1
515,Clothing,335,60,3.3
516,Clothing,529,142,4.8
517,Clothing,451,130,4.6
518,Electronics,94,156,3.2
519,Clothing,39,240,3.7
520,Home,469,132,3.4
521,Electronics,518,299,4.6
522,Clothing,531,127,3.9
523,Clothing,585,286,3.6
524,Home,490,75,4.1
525,Clothing,349,130,4.2
526,Clothing,94,239,4.2
527,Electronics,479,211,4.1
528,Clothing,332,246,4.6
529,Home,359,51,3.9
530,Home,352,175,4
531,Home,475,127,4.2
532,Home,292,59,3.9
533,Home,325,139,4.5
534,Clothing,119,230,4
535,Home,416,286,3.7
536,Home,322,182,3.7
537,Home,366,163,4.5
538,Clothing,69,293,4.3
539,Home,236,82,4.7
540,Clothing,529,215,4.1
541,Home,187,115,3.4
542,Home,33,115,3.9
543,Clothing,193,87,3.8
544,Home,88,113,3.8
545,Home,516,201,4
546,Home,133,198,3.6
547,Home,521,160,3.4
548,Clothing,69,162,4.2
549,Clothing,287,248,4.5
550,Electronics,517,148,4.8
551,Electronics,505,83,3.5
552,Clothing,183,50,4.9
553,Clothing,598,157,3.3
554,Clothing,100,238,3.6
555,Home,530,225,4.6
556,Electronics,198,53,3.7
557,Clothing,37,85,3.5
558,Electronics,372,132,3.5
559,Electronics,243,266,3.2
560,Clothing,75,150,4.2
561,Clothing,121,145,4.2
562,Clothing,214,296,4.3
563,Home,360,88,3.3
564,Electronics,283,219,4.6
565,Clothing,568,284,3.6
566,Electronics,67,259,4.4
567,Home,151,109,3.3
568,Electronics,419,66,4
569,Electronics,465,140,4.6
570,Home,416,166,3.1
571,Clothing,271,234,4.7
572,Clothing,321,293,4.5
573,Electronics,145,125,4.5
574,Electronics,270,57,3.9
575,Electronics,417,192,4.1
576,Clothing,202,105,4.8
577,Clothing,221,113,3
578,Clothing,329,235,3.7
579,Electronics,542,238,4
580,Electronics,341,278,5
581,Electronics,506,207,3.4
582,Clothing,348,223,3.7
583,Electronics,298,74,4.2
584,Electronics,80,139,3.5
585,Home,354,104,4.2
586,Home,279,101,3.9
587,Clothing,96,110,3.6
588,Clothing,587,70,4
589,Electronics,32,234,3.3
590,Clothing,96,153,3.2
591,Electronics,549,121,4.6
592,Electronics,362,245,4.8
593,Electronics,555,267,3.3
594,Clothing,178,233,4.1
595,Clothing,36,50,4.2
596,Electronics,350,275,3.4
597,Home,308,197,4
598,Home,306,187,4.4
599,Electronics,257,131,4.9
600,Home,599,268,5
601,Home,268,85,3.9
602,Clothing,181,211,3.5
603,Clothing,519,174,3.7
604,Home,143,121,3.9
605,Clothing,306,153,3.5
606,Home,429,117,3.3
607,Home,146,182,3.8
608,Electronics,108,272,4.1
609,Home,23,96,3.4
610,Electronics,267,223,4.9
611,Clothing,463,63,3.9
612,Clothing,469,203,3.9
613,Clothing,82,140,4.1
614,Home,202,175,3.1
615,Electronics,223,223,3
616,Home,387,93,4.2
617,Clothing,163,279,3.8
618,Electronics,190,68,4.2
619,Clothing,154,230,4.4
620,Electronics,300,153,4.2
621,Home,595,86,4.1
622,Home,454,99,5
623,Home,551,131,3.7
624,Electronics,375,127,3.1
625,Home,105,120,3.1
626,Electronics,115,280,4.1
627,Home,318,190,3.8
628,Home,457,162,3.4
629,Home,291,192,3.6
630,Electronics,145,82,4.6
631,Electronics,416,57,4.3
632,Home,397,173,4.4
633,Electronics,79,148,4.9
634,Home,323,109,4
635,Clothing,96,184,4
636,Home,579,290,4.1
637,Home,30,153,4.9
638,Clothing,26,260,4.8
639,Clothing,214,203,3.8
640,Electronics,284,183,3.1
641,Clothing,483,165,4.4
642,Clothing,125,82,4.5
643,Home,137,115,3.4
644,Clothing,371,271,4.5
645,Clothing,554,103,3.8
646,Home,174,156,3.1
647,Home,532,170,4.6
648,Home,560,194,4.6
649,Home,588,86,3.5
650,Home,503,74,3.6
651,Home,577,255,4.8
652,Clothing,120,239,3.4
653,Electronics,510,161,4.6
654,Electronics,571,124,3.7
655,Clothing,153,278,3.4
656,Electronics,463,119,3.1
657,Clothing,392,235,4.5
658,Electronics,348,88,3.7
659,Home,449,131,4
660,Home,48,255,3.5
661,Electronics,226,220,4.7
662,Home,46,224,3.5
663,Electronics,491,89,3.9
664,Electronics,238,208,4.5
665,Electronics,70,183,3.9
666,Electronics,208,109,3.6
667,Clothing,286,107,4.1
668,Electronics,496,219,4.9
669,Home,486,197,3.7
670,Home,388,264,3.7
671,Home,185,221,4.4
672,Electronics,431,101,3.2
673,Electronics,338,82,3.2
674,Home,360,96,4.8
675,Electronics,138,52,4.1
676,Electronics,444,247,4.6
677,Clothing,167,244,3.1
678,Home,364,81,4.9
679,Electronics,493,125,3.4
680,Clothing,518,122,3.1
681,Home,486,157,4.9
682,Clothing,52,193,3.5
683,Clothing,62,162,4.2
684,Clothing,537,193,4.4
685,Clothing,371,187,4.9
686,Home,191,285,4.9
687,Electronics,41,288,3.8
688,Clothing,151,91,5
689,Clothing,538,101,4.7
690,Clothing,496,292,4.3
691,Clothing,279,162,3.2
692,Clothing,529,298,4.2
693,Clothing,29,181,4.7
694,Clothing,212,285,3.3
695,Electronics,381,222,4.7
696,Electronics,206,225,3.1
697,Electronics,21,147,3.5
698,Electronics,426,206,3.3
699,Electronics,393,148,3.5
700,Electronics,508,174,3.9
701,Clothing,159,155,3.9
702,Electronics,554,276,4.8
703,Clothing,179,180,5
704,Electronics,101,111,4.8
705,Home,114,143,4.5
706,Electronics,206,73,3.4
707,Home,534,133,3.3
708,Electronics,367,179,3.1
709,Clothing,347,131,3.1
710,Home,188,172,4.3
711,Home,496,55,3.1
712,Home,574,53,4.9
713,Electronics,52,211,4
714,Home,132,107,3.5
715,Electronics,290,173,4.2
716,Home,561,59,4.8
717,Clothing,525,261,3.9
718,Home,341,277,3.2
719,Electronics,135,128,4.3
720,Electronics,296,204,3.2
721,Electronics,516,172,4.4
722,Clothing,192,56,3.8
723,Clothing,520,144,4.5
724,Home,135,231,4.9
725,Clothing,64,169,3.2
726,Home,492,183,3.2
727,Electronics,363,57,4.5
728,Home,140,172,3.8
729,Electronics,69,261,4.7
730,Home,472,272,4.6
731,Home,488,237,3.6
732,Clothing,512,76,3.4
733,Clothing,537,298,4.5
734,Electronics,297,69,4
735,Clothing,255,148,4.5
736,Electronics,442,226,3.2
737,Electronics,409,228,4.5
738,Clothing,327,290,4
739,Home,181,193,3.8
740,Home,226,200,3.8
741,Clothing,401,120,4.4
742,Electronics,169,233,3.3
743,Electronics,377,72,3.5
744,Clothing,158,70,3.9
745,Home,305,120,3.1
746,Electronics,380,284,4
747,Electronics,100,260,4.9
748,Home,448,145,4.5
749,Home,377,93,5
750,Clothing,107,241,3
751,Clothing,281,69,3.6
752,Home,272,199,3.3
753,Electronics,245,240,4.2
754,Electronics,469,266,4.7
755,Clothing,254,179,4.3
756,Electronics,138,211,4
757,Electronics,250,178,4.7
758,Electronics,283,217,4.3
759,Electronics,52,50,3.4
760,Clothing,347,261,4.7
761,Electronics,463,204,4.9
762,Clothing,418,63,3.9
763,Home,108,214,5
764,Electronics,144,76,4.1
765,Electronics,270,74,3.8
766,Clothing,598,152,4.4
767,Electronics,322,65,4.7
768,Electronics,437,201,3.2
769,Clothing,63,184,3.4
770,Electronics,46,67,4
771,Electronics,491,178,4.6
772,Home,266,203,4.6
773,Electronics,400,116,3.5
774,Electronics,48,261,4.9
775,Home,586,283,4.2
776,Clothing,360,95,3.3
777,Electronics,78,242,3.6
778,Home,358,244,4.7
779,Home,485,139,3.8
780,Home,559,216,3.4
781,Clothing,179,237,4.2
782,Home,112,158,4.3
783,Clothing,434,118,4.1
784,Clothing,533,134,3.4
785,Home,264,281,5
786,Electronics,105,103,3.3
787,Electronics,248,71,4.1
788,Home,470,96,3.6
789,Clothing,348,97,4.4
790,Home,306,156,3.6
791,Home,366,84,4.5
792,Clothing,402,153,4.2
793,Clothing,185,78,4.4
794,Home,593,105,3.7
795,Clothing,344,237,4
796,Electronics,112,159,3.7
797,Home,468,180,3.6
798,Electronics,351,289,4
799,Electronics,365,187,3.1
800,Clothing,405,270,4.2
801,Home,265,72,4.9
802,Electronics,589,55,4.1
803,Home,380,155,4.3
804,Clothing,538,284,3.6
805,Clothing,211,272,4.9
806,Clothing,533,240,4.5
807,Clothing,269,179,3.3
808,Home,53,247,4.9
809,Clothing,487,60,4.1
810,Electronics,581,146,3.6
811,Clothing,82,239,4.8
812,Clothing,281,201,4.9
813,Electronics,193,223,4.2
814,Home,433,87,3.4
815,Electronics,196,147,4.9
816,Home,79,194,4.9
817,Electronics,83,230,5
818,Clothing,457,72,3.1
819,Electronics,397,267,4.7
820,Home,400,79,4
821,Home,333,112,4.1
822,Home,319,215,4.6
823,Home,402,206,4.4
824,Home,331,199,4.5
825,Electronics,539,177,4.7
826,Clothing,55,279,3.4
827,Clothing,518,136,3.5
828,Clothing,67,235,4
829,Home,230,76,3.6
830,Electronics,308,159,3.5
831,Clothing,540,62,4.9
832,Home,137,75,4.7
833,Home,378,252,3.3
834,Home,424,165,4.1
835,Electronics,147,100,4
836,Electronics,52,268,4.4
837,Clothing,481,265,3.8
838,Electronics,316,192,3.4
839,Electronics,211,287,3.9
840,Electronics,545,101,3.9
841,Home,259,181,4.7
842,Clothing,199,118,3.7
843,Home,110,208,3.7
844,Home,547,212,4.7
845,Home,192,60,4.7
846,Electronics,222,273,4.3
847,Clothing,259,133,4.1
848,Home,335,119,4.2
849,Home,102,119,3.7
850,Home,446,220,3
851,Clothing,184,63,4.4
852,Home,243,177,3.4
853,Clothing,188,55,4.6
854,Home,395,108,3.4
855,Electronics,452,203,4.4
856,Electronics,372,152,4.4
857,Clothing,240,272,3.2
858,Home,411,156,5
859,Electronics,282,113,4.8
860,Electronics,122,144,3.3
861,Electronics,293,257,4.4
862,Home,596,240,4.1
863,Clothing,37,116,4.4
864,Clothing,274,294,3.1
865,Home,575,93,3.6
866,Home,96,80,4.7
867,Home,227,122,4.5
868,Home,215,107,3.3
869,Electronics,412,197,4.7
870,Clothing,432,69,4.2
871,Clothing,93,253,3.6
872,Electronics,586,78,3.2
873,Clothing,541,283,3.1
874,Home,363,258,3.8
875,Home,379,257,3.5
876,Electronics,426,225,4.4
877,Home,280,113,3.2
878,Clothing,390,214,4.9
879,Clothing,536,51,3.3
880,Clothing,160,134,4.2
881,Home,127,209,4.3
882,Electronics,49,134,3.5
883,Home,26,81,4.4
884,Clothing,330,102,3.7
885,Home,565,135,3.2
886,Home,392,161,4.2
887,Electronics,135,253,3.3
888,Clothing,214,97,3.2
889,Electronics,47,77,4.7
890,Electronics,450,268,3.3
891,Clothing,471,277,3.5
892,Electronics,67,104,4.3
893,Clothing,40,260,4.8
894,Home,362,74,4.5
895,Clothing,224,231,4.1
896,Electronics,224,142,4.7
897,Clothing,416,86,4
898,Clothing,198,176,4.4
899,Clothing,488,206,4.1
900,Electronics,99,80,4.7
901,Home,373,78,4.8
902,Home,221,177,4.6
903,Clothing,347,84,4.3
904,Home,309,213,4.1
905,Clothing,42,100,4.3
906,Electronics,463,59,4.9
907,Clothing,399,59,3.2
908,Electronics,97,239,4.1
909,Home,566,292,3.6
910,Electronics,489,83,4.2
911,Electronics,394,140,3.9
912,Clothing,439,214,4.5
913,Home,398,290,4.8
914,Clothing,46,240,4.9
915,Electronics,438,185,4.3
916,Home,468,145,4.9
917,Electronics,549,87,3.9
918,Electronics,512,231,4.1
919,Home,155,174,3.5
920,Electronics,534,270,5
921,Electronics,465,281,4.5
922,Electronics,153,99,3.2
923,Home,359,101,3.9
924,Home,248,281,3.4
925,Clothing,282,62,5
926,Clothing,422,203,3.2
927,Electronics,223,237,4.2
928,Home,470,171,4.9
929,Electronics,95,246,3.6
930,Home,493,100,3.5
931,Clothing,50,208,3.9
932,Clothing,257,155,4
933,Home,232,107,3.9
934,Electronics,352,227,4.3
935,Home,367,256,3.9
936,Clothing,297,124,4.1
937,Home,293,140,4.5
938,Electronics,425,276,3.5
939,Home,557,253,3.7
940,Electronics,191,164,4.7
941,Clothing,182,119,4.3
942,Electronics,386,147,3.3
943,Electronics,522,82,4
944,Electronics,355,184,3.3
945,Home,104,72,3.4
946,Home,557,244,4.8
947,Clothing,252,114,3.4
948,Clothing,519,150,4
949,Home,433,167,3.7
950,Electronics,461,162,3.1
951,Home,241,116,3.8
952,Clothing,215,295,3.6
953,Home,298,111,3.1
954,Clothing,282,216,3.1
955,Electronics,83,93,4.6
956,Electronics,284,285,3.7
957,Home,52,230,4.6
958,Clothing,293,140,3.1
959,Clothing,347,58,3.6
960,Electronics,544,267,3.6
961,Electronics,531,120,4.2
962,Clothing,376,118,4.7
963,Clothing,23,87,3.7
964,Home,36,123,4
965,Home,395,80,4
966,Electronics,85,220,4.3
967,Clothing,49,101,4.9
968,Home,420,270,3.1
969,Electronics,526,149,4.8
970,Clothing,590,121,4.5
971,Electronics,312,217,3.7
972,Electronics,598,143,3.9
973,Clothing,67,219,4.1
974,Electronics,206,244,3.7
975,Electronics,543,256,3.1
976,Electronics,491,258,4.9
977,Home,58,235,4.4
978,Electronics,279,279,4.7
979,Clothing,438,119,4
980,Clothing,148,162,3.4
981,Clothing,462,168,4.2
982,Electronics,496,170,5
983,Home,319,263,4.7
984,Electronics,26,200,3.9
985,Electronics,389,295,4.4
986,Clothing,143,139,4
987,Home,220,231,3.8
988,Clothing,313,164,3.4
989,Electronics,166,138,3.7
990,Clothing,107,212,4.4
991,Electronics,355,292,4.3
992,Electronics,518,173,4.3
993,Clothing,27,258,5
994,Clothing,344,244,3.4
995,Home,133,275,3.4
996,Clothing,129,229,3.4
997,Home,49,285,4
998,Electronics,351,110,4.3
999,Clothing,169,91,4.9
1000,Clothing,230,249,4.8
1001,Clothing,340,168,3.7
1002,Clothing,373,106,3.3
1003,Home,577,174,4.8
1004,Clothing,238,83,4.9
1005,Home,510,203,4.3
1006,Electronics,217,183,4
1007,Home,496,121,4.8
1008,Clothing,46,225,3.6
1009,Clothing,277,113,4.7
1010,Clothing,461,138,3.2
1011,Clothing,142,212,3.4
1012,Home,199,270,3
1013,Home,46,251,4.9
1014,Clothing,176,80,4.5
1015,Home,550,184,4.9
1016,Home,489,254,4.3
1017,Home,286,163,4
1018,Clothing,532,298,3.4
1019,Electronics,145,256,4.2
1020,Home,542,50,4.3
1021,Electronics,531,255,4.5
1022,Home,33,66,4.6
1023,Clothing,71,274,4.8
1024,Clothing,101,195,4
1025,Clothing,45,278,4.6
1026,Clothing,71,64,4.5
1027,Electronics,341,170,3.5
1028,Home,122,97,4.8
1029,Clothing,336,84,4.4
1030,Home,590,207,4.7
1031,Clothing,534,154,3.9
1032,Electronics,463,271,4.4
1033,Home,265,107,4.8
1034,Home,502,282,4.4
1035,Clothing,550,63,3.9
1036,Home,104,141,3.7
1037,Home,426,71,4.8
1038,Home,53,135,4.2
1039,Clothing,61,278,3
1040,Home,454,52,3.4
1041,Clothing,322,268,4.8
1042,Home,79,100,4.2
1043,Home,474,201,4.4
1044,Clothing,327,161,3.2
1045,Electronics,285,288,3
1046,Clothing,481,202,4.6
1047,Home,532,98,3.7
1048,Clothing,544,97,3.3
1049,Clothing,468,195,4.3
1050,Electronics,262,211,4.2
1051,Electronics,197,50,3.9
1052,Electronics,149,249,4.3
1053,Home,450,71,4.4
1054,Electronics,71,263,4.4
1055,Home,331,112,4.4
1056,Electronics,117,255,4.1
1057,Home,381,278,4.6
1058,Home,406,233,3.4
1059,Clothing,390,94,3.9
1060,Home,30,206,3.3
1061,Electronics,432,273,4.6
1062,Home,430,188,3.6
1063,Home,444,243,4.4
1064,Electronics,376,207,3.8
1065,Electronics,103,108,3.2
1066,Electronics,49,199,4.3
1067,Home,65,55,3.8
1068,Home,73,255,4.7
1069,Clothing,191,244,5
1070,Clothing,221,244,3.8
1071,Clothing,487,178,4.8
1072,Electronics,348,123,3.3
1073,Clothing,37,296,3.8
1074,Home,329,83,3.2
1075,Electronics,43,178,4.3
1076,Clothing,82,175,4.9
1077,Electronics,216,170,3.2
1078,Home,71,247,3.7
1079,Electronics,26,84,3.3
1080,Clothing,566,295,4.4
1081,Clothing,92,284,3.1
1082,Home,248,124,3.2
1083,Clothing,87,123,4.9
1084,Home,450,113,3.1
1085,Clothing,346,179,3.1
1086,Clothing,220,171,3
1087,Home,538,286,3.4
1088,Clothing,472,143,4.2
1089,Electronics,189,149,4.1
1090,Electronics,280,294,3.7
1091,Clothing,256,103,4.7
1092,Home,556,118,3.4
1093,Electronics,574,120,3.7
1094,Home,88,184,3.9
1095,Electronics,255,299,3.9
1096,Clothing,538,84,3.7
1097,Clothing,271,290,3.9
1098,Electronics,364,244,4.7
1099,Home,157,189,4.2
1100,Home,72,185,3.8
1101,Home,191,297,4.9
1102,Home,430,202,3.4
1103,Clothing,180,293,3.5
1104,Clothing,180,291,4.3
1105,Electronics,50,55,4.5
1106,Clothing,164,191,4.3
1107,Home,570,279,3.4
1108,Clothing,66,234,4.9
1109,Electronics,360,129,3.1
1110,Home,407,65,4.3
1111,Electronics,341,95,4.5
1112,Home,264,156,3.6
1113,Clothing,500,256,4.1
1114,Electronics,291,101,4.1
1115,Home,160,181,3.4
1116,Clothing,34,159,4.6
1117,Home,84,243,4.6
1118,Clothing,209,282,3.8
1119,Home,552,251,4.4
1120,Home,102,213,3.3
1121,Clothing,446,57,4.1
1122,Clothing,153,117,4.1
1123,Electronics,514,190,4.8
1124,Electronics,197,242,4.9
1125,Home,538,71,4.1
1126,Clothing,313,50,4.2
1127,Electronics,597,166,4
1128,Home,99,156,3.1
1129,Clothing,291,57,3.7
1130,Electronics,68,216,4.5
1131,Home,104,244,3.6
1132,Home,335,222,4.1
1133,Home,267,296,4.8
1134,Home,122,299,5
1135,Home,30,138,4.5
1136,Electronics,54,111,4.5
1137,Home,501,148,3.4
1138,Electronics,441,268,3.7
1139,Clothing,53,128,4.9
1140,Home,177,253,3.2
1141,Electronics,148,240,4.2
1142,Home,454,223,4.6
1143,Clothing,163,284,4
1144,Clothing,457,90,3.1
1145,Home,223,53,3.9
1146,Electronics,190,218,3.6
1147,Home,165,52,3.6
1148,Home,350,71,4
1149,Clothing,490,100,3.3
1150,Home,35,76,4.6
1151,Clothing,307,50,4.4
1152,Clothing,303,102,4.9
1153,Home,248,284,4.7
1154,Home,42,88,3.9
1155,Home,197,258,4.2
1156,Home,525,155,4.2
1157,Home,248,277,4.5
1158,Home,103,189,3.1
1159,Electronics,499,285,4.8
1160,Home,267,142,4.9
1161,Clothing,78,107,3.7
1162,Home,586,73,3.1
1163,Home,488,217,4.3
1164,Clothing,372,123,3
1165,Home,185,70,4.3
1166,Home,358,243,3.2
1167,Clothing,546,118,4
1168,Electronics,592,189,4.1
1169,Electronics,520,53,3.9
1170,Home,96,86,4.5
1171,Electronics,346,77,3.5
1172,Electronics,503,84,3.2
1173,Electronics,210,276,4.2
1174,Home,216,117,4.4
1175,Electronics,141,178,4
1176,Electronics,557,260,4.8
1177,Clothing,346,64,4.3
1178,Clothing,589,283,4.1
1179,Electronics,564,139,4.2
1180,Home,317,82,3.8
1181,Home,52,116,4.7
1182,Clothing,260,277,4.8
1183,Home,371,230,4.4
1184,Clothing,453,225,3.4
1185,Electronics,259,142,4
1186,Clothing,20,78,3.5
1187,Clothing,582,268,4.7
1188,Electronics,536,108,4.8
1189,Clothing,384,267,4.7
1190,Clothing,555,159,4
1191,Home,498,139,3.2
1192,Electronics,32,175,3.8
1193,Electronics,27,178,4.4
1194,Electronics,364,186,4.7
1195,Clothing,118,284,3.9
1196,Electronics,122,135,3.2
1197,Home,548,61,3.3
1198,Home,304,227,4.9
1199,Electronics,395,216,3.1
1200,Clothing,264,76,4.2
1201,Home,114,229,4.5
1202,Electronics,344,195,3.2
1203,Electronics,545,99,4.4
1204,Electronics,86,288,4.7
1205,Clothing,188,164,3.6
1206,Electronics,500,178,3.6
1207,Clothing,493,50,4.9
1208,Home,156,179,3.2
1209,Clothing,527,98,4.1
1210,Electronics,462,274,3.9
1211,Electronics,437,264,3.9
1212,Clothing,348,284,4
1213,Home,155,283,3.8
1214,Electronics,427,239,3.6
1215,Electronics,479,230,4.5
1216,Electronics,569,51,3.8
1217,Electronics,360,122,4
1218,Home,335,278,4.7
1219,Clothing,511,102,3.7
1220,Home,255,75,3.7
1221,Electronics,339,250,4.4
1222,Home,121,98,4
1223,Electronics,261,112,3.5
1224,Electronics,290,273,3.6
1225,Home,392,106,4.6
1226,Electronics,512,211,3.7
1227,Home,502,253,3.7
1228,Home,440,73,4.4
1229,Home,257,153,4.2
1230,Electronics,591,57,3.2
1231,Electronics,550,261,3.5
1232,Electronics,458,295,3.8
1233,Electronics,394,114,3.1
1234,Electronics,22,271,3.6
1235,Home,176,284,3.9
1236,Clothing,269,247,4.3
1237,Clothing,91,173,3.8
1238,Home,337,164,3.7
1239,Clothing,93,248,4.2
1240,Home,37,212,4.7
1241,Electronics,496,273,4.8
1242,Home,380,117,4.7
1243,Electronics,567,251,3.9
1244,Home,490,202,4.1
1245,Electronics,34,282,3.8
1246,Home,586,231,3.6
1247,Clothing,513,173,3.1
1248,Electronics,112,129,3.4
1249,Clothing,216,232,3.5
1250,Home,160,106,3.6
1251,Electronics,389,81,4
1252,Clothing,49,268,3.8
1253,Home,141,63,3.4
1254,Electronics,41,181,4.9
1255,Electronics,373,93,3.1
1256,Home,254,73,4.7
1257,Electronics,89,233,3.9
1258,Clothing,266,212,4.2
1259,Home,543,274,4.1
1260,Home,470,153,4.5
1261,Home,413,179,4.9
1262,Home,468,86,3.1
1263,Home,329,153,3.6
1264,Electronics,587,156,4
1265,Home,70,231,4.3
1266,Electronics,326,152,4
1267,Home,103,278,3.7
1268,Clothing,93,139,4
1269,Clothing,406,275,4.7
1270,Clothing,552,86,4.1
1271,Electronics,526,180,5
1272,Clothing,174,154,4.3
1273,Home,489,200,4.5
1274,Home,262,247,3.3
1275,Clothing,404,174,3.2
1276,Home,530,151,3.9
1277,Home,372,181,4.5
1278,Electronics,413,173,3.6
1279,Home,44,100,4.4
1280,Home,423,127,4.3
1281,Home,186,82,4
1282,Home,393,163,3.8
1283,Home,114,269,4.6
1284,Home,192,225,4.1
1285,Home,72,237,3.7
1286,Electronics,530,269,4.5
1287,Clothing,83,121,3.2
1288,Home,380,112,4.1
1289,Electronics,64,121,3.6
1290,Clothing,127,187,4.2
1291,Electronics,399,146,4.9
1292,Electronics,435,229,3.4
1293,Clothing,307,135,4.5
1294,Home,210,65,3.9
1295,Home,278,270,3.7
1296,Clothing,303,130,3.6
1297,Clothing,368,60,4.9
1298,Clothing,230,93,3.5
1299,Electronics,187,218,4.2
1300,Home,44,284,3.6
1301,Electronics,188,149,4.2
1302,Clothing,88,118,3.3
1303,Electronics,553,127,3.7
1304,Clothing,87,123,4.9
1305,Home,222,196,3.1
1306,Electronics,396,242,3.6
1307,Electronics,298,253,3.7
1308,Home,101,263,4
1309,Electronics,135,174,4
1310,Home,480,229,3.5
1311,Electronics,555,177,4.3
1312,Clothing,537,92,4.4
1313,Home,421,226,4.5
1314,Electronics,320,101,3.6
1315,Clothing,232,163,4.8
1316,Electronics,420,258,3.9
1317,Clothing,457,122,3.7
1318,Electronics,543,256,4.2
1319,Clothing,446,223,4.5
1320,Clothing,560,138,3.2
1321,Home,468,299,4.2
1322,Electronics,553,282,4.3
1323,Electronics,533,291,3.9
1324,Electronics,295,163,4.4
1325,Home,293,257,4.7
1326,Electronics,134,120,4
1327,Electronics,381,223,4.8
1328,Home,96,143,3.8
1329,Clothing,279,85,4.6
1330,Home,532,60,3.3
1331,Electronics,71,249,4.2
1332,Clothing,376,129,4.3
1333,Electronics,173,160,3.2
1334,Electronics,322,149,4.6
1335,Clothing,413,142,4.1
1336,Electronics,192,190,4.9
1337,Electronics,190,258,4.4
1338,Clothing,457,297,5
1339,Home,126,157,4.2
1340,Clothing,307,69,3.9
1341,Clothing,548,162,4.4
1342,Electronics,29,205,3.4
1343,Home,83,204,3.9
1344,Home,183,244,4.8
1345,Home,77,131,4
1346,Electronics,183,225,4.9
1347,Home,390,154,3.4
1348,Clothing,553,225,4.1
1349,Electronics,571,161,3.5
1350,Electronics,518,122,4.8
1351,Home,133,165,4
1352,Home,254,58,3.2
1353,Electronics,332,241,4.7
1354,Electronics,346,159,4.6
1355,Clothing,466,221,3.4
1356,Home,43,279,4.9
1357,Home,281,98,4.6
1358,Home,382,98,4.3
1359,Electronics,83,222,3.6
1360,Home,573,211,4.7
1361,Clothing,29,172,4.7
1362,Clothing,562,259,4.4
1363,Electronics,598,91,4.8
1364,Clothing,131,283,4.2
1365,Electronics,469,289,3.9
1366,Electronics,244,196,3.2
1367,Home,99,191,3.2
1368,Electronics,27,219,3.6
1369,Clothing,436,171,3.9
1370,Clothing,284,137,3.4
1371,Electronics,126,166,3.7
1372,Clothing,242,142,4.5
1373,Home,164,287,4.3
1374,Home,557,196,4.2
1375,Home,506,189,3.3
1376,Electronics,302,150,4.6
1377,Home,363,189,3.2
1378,Clothing,567,116,4.2
1379,Home,45,78,4.7
1380,Home,326,267,4.4
1381,Clothing,500,192,4.1
1382,Home,148,151,4
1383,Clothing,498,249,3.3
1384,Electronics,468,61,4.6
1385,Clothing,108,233,4.8
1386,Electronics,565,138,4.8
1387,Clothing,275,194,4.5
1388,Clothing,218,114,4.5
1389,Clothing,486,86,4.8
1390,Home,365,270,3.9
1391,Electronics,540,254,4.2
1392,Electronics,174,121,4.8
1393,Electronics,330,217,4.2
1394,Home,197,273,3.2
1395,Home,594,113,4.7
1396,Electronics,292,62,4.5
1397,Electronics,384,140,3
1398,Home,514,59,4.4
1399,Home,122,109,3.2
1400,Home,560,121,4.2
1401,Electronics,195,98,4.3
1402,Home,219,272,4.2
1403,Clothing,21,227,3.4
1404,Electronics,464,296,3.8
1405,Electronics,525,123,4.1
1406,Home,176,196,3.8
1407,Home,158,78,4.8
1408,Clothing,537,96,3.4
1409,Home,265,213,4.5
1410,Home,551,84,3.6
1411,Electronics,457,195,4
1412,Clothing,595,74,3.7
1413,Clothing,554,248,4.4
1414,Clothing,447,161,3.7
1415,Home,368,164,4.5
1416,Home,65,292,4.5
1417,Electronics,543,278,3.4
1418,Clothing,543,218,3.4
1419,Home,386,253,4.7
1420,Clothing,371,236,4.5
1421,Clothing,487,115,3.7
1422,Electronics,513,259,3.9
1423,Electronics,484,182,4.1
1424,Electronics,301,234,3.3
1425,Clothing,287,214,4.3
1426,Clothing,584,258,4.4
1427,Electronics,528,104,4.8
1428,Clothing,162,151,4.9
1429,Clothing,518,54,3.1
1430,Home,322,257,5
1431,Electronics,265,138,3.4
1432,Clothing,259,249,4.3
1433,Electronics,410,215,4.9
1434,Clothing,65,282,4.6
1435,Clothing,145,118,3.7
1436,Electronics,289,152,4.6
1437,Clothing,63,76,3.3
1438,Clothing,356,225,3.2
1439,Electronics,342,232,3.3
1440,Clothing,348,263,4.8
1441,Electronics,288,141,3.3
1442,Clothing,276,271,4
1443,Home,309,88,3.7
1444,Clothing,223,203,3.1
1445,Clothing,69,176,3
1446,Home,91,230,4.2
1447,Clothing,300,169,4.2
1448,Clothing,34,60,4.4
1449,Home,232,264,3.9
1450,Clothing,482,212,4.6
1451,Clothing,276,235,3.8
1452,Clothing,599,138,3.7
1453,Home,408,294,4.7
1454,Electronics,501,230,4.2
1455,Home,74,238,3.3
1456,Home,180,150,3.5
1457,Electronics,483,83,4.1
1458,Electronics,367,60,3.2
1459,Electronics,223,89,4.1
1460,Home,379,149,3.3
1461,Clothing,354,265,3.2
1462,Home,65,59,3.7
1463,Electronics,411,290,3.3
1464,Electronics,121,239,4.7
1465,Home,439,229,3.3
1466,Electronics,352,183,4.2
1467,Electronics,190,184,3.8
1468,Clothing,271,112,3
1469,Clothing,329,237,3.8
1470,Clothing,258,114,3.4
1471,Home,550,215,3.8
1472,Home,498,289,4.7
1473,Clothing,269,87,4.2
1474,Clothing,229,265,3.6
1475,Electronics,56,168,4
1476,Home,288,234,4.3
1477,Electronics,65,142,4.4
1478,Electronics,151,58,4.9
1479,Electronics,556,59,3.9
1480,Home,392,201,4.4
1481,Home,111,97,3.1
1482,Electronics,239,198,4
1483,Clothing,179,296,4.1
1484,Clothing,549,208,4
1485,Home,196,164,3.6
1486,Electronics,301,56,3
1487,Electronics,355,125,4.7
1488,Clothing,588,176,3.4
1489,Home,210,264,4.3
1490,Home,70,261,4.6
1491,Clothing,163,97,3.7
1492,Electronics,192,122,3.1
1493,Electronics,495,222,3.1
1494,Electronics,231,86,3.7
1495,Electronics,525,110,4.2
1496,Clothing,459,287,4
1497,Electronics,428,130,3.8
1498,Clothing,381,114,4
1499,Clothing,196,211,4.1
1500,Home,53,61,4.6
1501,Electronics,400,217,3.2
1502,Home,473,279,3.4
1503,Clothing,490,179,4.2
1504,Clothing,551,93,4
1505,Home,504,137,4.2
1506,Electronics,270,173,3.6
1507,Home,294,262,4.6
1508,Clothing,167,237,3.8
1509,Electronics,48,195,4.1
1510,Home,514,296,5
1511,Home,519,162,3.4
1512,Clothing,348,165,3.6
1513,Clothing,32,199,4.4
1514,Electronics,206,189,4
1515,Home,409,108,3.8
1516,Electronics,144,281,4.1
1517,Electronics,381,275,4.7
1518,Home,384,154,4.3
1519,Home,144,139,4.8
1520,Clothing,195,77,3.6
1521,Home,83,247,4.7
1522,Clothing,269,73,3.2
1523,Home,107,291,4.8
1524,Clothing,409,159,3.2
1525,Electronics,547,187,4.5
1526,Clothing,340,120,4.2
1527,Electronics,216,61,3
1528,Clothing,87,90,3
1529,Electronics,464,215,3.6
1530,Clothing,38,59,4.5
1531,Electronics,139,220,4.5
1532,Clothing,96,191,3.9
1533,Clothing,125,273,3.9
1534,Home,436,182,4.5
1535,Clothing,51,268,3.2
1536,Electronics,123,52,3.9
1537,Home,177,225,3.1
1538,Electronics,279,133,4.2
1539,Home,165,159,3.9
1540,Home,343,135,3.4
1541,Electronics,259,107,3.9
1542,Home,582,70,4.3
1543,Clothing,583,184,5
1544,Electronics,369,185,3.2
1545,Clothing,210,86,3.4
1546,Home,241,211,4.9
1547,Electronics,284,242,3.8
1548,Clothing,354,291,4.1
1549,Electronics,458,119,4.2
1550,Home,448,157,4.6
1551,Clothing,532,236,4.5
1552,Home,321,112,3.3
1553,Home,57,74,4.1
1554,Clothing,531,151,3.5
1555,Clothing,509,145,4.8
1556,Electronics,414,159,4.4
1557,Electronics,294,163,4.5
1558,Clothing,287,299,3
1559,Clothing,162,88,3.3
1560,Home,449,62,3.3
1561,Clothing,473,103,4.2
1562,Home,491,123,3.5
1563,Electronics,210,83,4.4
1564,Home,295,277,3.1
1565,Home,71,267,3.8
1566,Clothing,270,263,4.2
1567,Home,576,229,3
1568,Electronics,482,227,4.2
1569,Electronics,213,299,3.4
1570,Clothing,157,78,4.7
1571,Home,458,284,4.7
1572,Home,170,249,4.1
1573,Clothing,571,63,4.2
1574,Home,363,57,4.2
1575,Electronics,113,210,4.6
1576,Home,163,253,4.6
1577,Electronics,343,209,4
1578,Home,487,223,4.1
1579,Electronics,165,227,4.4
1580,Home,553,101,3.4
1581,Electronics,266,132,3.5
1582,Electronics,100,169,3.4
1583,Electronics,243,194,4.8
1584,Electronics,351,237,4.8
1585,Electronics,574,82,3.3
1586,Home,510,172,3.4
1587,Home,490,188,3.2
1588,Home,127,149,4.8
1589,Clothing,159,63,3.9
1590,Clothing,337,260,3.9
1591,Home,237,103,4.4
1592,Electronics,389,254,3.7
1593,Home,30,289,3.8
1594,Clothing,381,128,4.8
1595,Clothing,368,74,3.2
1596,Home,561,242,3.8
1597,Home,476,92,3
1598,Electronics,187,117,4.1
1599,Electronics,538,190,3.4
1600,Home,167,115,3.6
1601,Home,352,238,4.3
1602,Electronics,36,285,4
1603,Clothing,406,71,3.8
1604,Clothing,261,132,4.5
1605,Electronics,318,101,3.1
1606,Home,243,156,3.9
1607,Clothing,315,203,4.2
1608,Electronics,211,299,4.7
1609,Home,297,267,4.7
1610,Clothing,404,55,4.8
1611,Clothing,348,163,3.4
1612,Electronics,176,116,4.7
1613,Home,572,54,3
1614,Home,112,102,4.1
1615,Electronics,354,240,4.9
1616,Electronics,277,289,3.7
1617,Electronics,575,234,3.1
1618,Clothing,441,96,4.9
1619,Clothing,236,259,3.1
1620,Home,394,173,4
1621,Home,332,259,4.6
1622,Electronics,27,162,4.5
1623,Electronics,553,143,4
1624,Electronics,368,94,3.1
1625,Home,278,86,3.8
1626,Electronics,70,278,4.6
1627,Electronics,123,259,3
1628,Clothing,484,106,3.8
1629,Clothing,339,191,4.5
1630,Home,27,285,3.1
1631,Clothing,230,97,5
1632,Clothing,184,252,4.5
1633,Home,170,290,4
1634,Clothing,307,68,4.5
1635,Clothing,272,145,4.6
1636,Electronics,180,76,3.3
1637,Home,299,249,4.2
1638,Clothing,249,154,4.6
1639,Clothing,368,222,3.4
1640,Clothing,227,89,4.5
1641,Electronics,135,275,4.9
1642,Home,52,52,4.7
1643,Home,244,192,3
1644,Clothing,171,120,4.1
1645,Electronics,539,101,3.6
1646,Clothing,140,203,3.9
1647,Home,60,101,3.6
1648,Home,131,288,4.7
1649,Clothing,564,84,4.8
1650,Electronics,75,242,3.4
1651,Home,390,165,4.8
1652,Home,521,186,4.8
1653,Home,458,278,3.8
1654,Clothing,190,170,4.2
1655,Clothing,402,145,3.7
1656,Home,371,161,3.8
1657,Clothing,307,158,3.3
1658,Home,356,68,3.1
1659,Electronics,519,124,3.6
1660,Electronics,311,293,3.8
1661,Clothing,596,213,4.5
1662,Clothing,524,67,4.2
1663,Clothing,56,125,4.3
1664,Home,417,129,4.9
1665,Electronics,115,160,4.1
1666,Clothing,216,261,3.9
1667,Clothing,324,242,3.8
1668,Home,295,209,3.8
1669,Clothing,430,150,4.6
1670,Home,116,54,4
1671,Clothing,51,145,3.1
1672,Clothing,402,50,4.9
1673,Home,356,171,3.1
1674,Clothing,518,117,4.6
1675,Home,596,265,4.2
1676,Electronics,249,244,3.8
1677,Electronics,364,191,4
1678,Electronics,93,181,3
1679,Home,99,260,4.3
1680,Electronics,451,170,4.9
1681,Electronics,179,189,3
1682,Electronics,475,51,4.8
1683,Clothing,542,283,3.4
1684,Clothing,63,165,4.5
1685,Electronics,439,122,4.4
1686,Home,493,229,4
1687,Clothing,144,197,4.2
1688,Clothing,378,52,4.7
1689,Clothing,535,265,4.1
1690,Clothing,298,219,4
1691,Electronics,322,107,4.2
1692,Home,123,71,4.8
1693,Electronics,230,214,3.5
1694,Electronics,235,220,3.7
1695,Home,571,247,4.9
1696,Clothing,273,279,3.3
1697,Clothing,326,172,3.4
1698,Home,184,134,3.3
1699,Clothing,431,202,4.7
1700,Clothing,111,219,3.6
1701,Electronics,53,85,4.5
1702,Clothing,375,227,4.6
1703,Home,366,129,3.7
1704,Electronics,514,141,3.5
1705,Clothing,130,293,4.5
1706,Home,124,95,3
1707,Home,522,240,4.8
1708,Home,309,63,3.7
1709,Clothing,505,221,3.1
1710,Electronics,332,56,4.8
1711,Clothing,494,285,4.6
1712,Clothing,274,200,4.8
1713,Clothing,152,275,3.8
1714,Clothing,173,187,3.3
1715,Clothing,419,171,5
1716,Clothing,63,260,3.7
1717,Electronics,366,70,3.6
1718,Clothing,566,223,3.1
1719,Electronics,459,232,5
1720,Home,562,159,4.1
1721,Electronics,263,110,3.9
1722,Clothing,245,91,3.1
1723,Electronics,73,131,4.6
1724,Electronics,110,79,4.1
1725,Clothing,368,175,3.9
1726,Home,61,239,3.1
1727,Home,437,140,3.7
1728,Home,533,215,3.9
1729,Home,207,220,3.9
1730,Electronics,160,60,3.3
1731,Home,244,108,3.1
1732,Electronics,552,216,4.8
1733,Home,75,208,3.5
1734,Home,504,56,4.5
1735,Clothing,356,124,4.7
1736,Home,324,189,4
1737,Electronics,100,255,3.2
1738,Home,551,76,3.8
1739,Home,423,62,4.5
1740,Clothing,308,298,3.7
1741,Home,161,212,4.9
1742,Clothing,356,284,4.1
1743,Electronics,189,164,4.6
1744,Home,272,122,3.2
1745,Clothing,174,107,3.8
1746,Clothing,319,158,4.7
1747,Electronics,109,294,4.4
1748,Clothing,446,197,4.6
1749,Clothing,393,118,4.3
1750,Home,586,267,5
1751,Electronics,491,130,4
1752,Electronics,160,59,4.2
1753,Electronics,481,133,4.1
1754,Clothing,426,123,4.8
1755,Home,454,280,3.4
1756,Home,391,62,3.5
1757,Electronics,243,187,3.6
1758,Clothing,492,200,3
1759,Electronics,38,165,3.5
1760,Home,172,125,3.1
1761,Home,171,149,4.7
1762,Electronics,584,105,4
1763,Clothing,275,92,4.6
1764,Clothing,272,163,4.7
1765,Home,124,197,4.1
1766,Electronics,294,196,3.5
1767,Clothing,487,112,3.8
1768,Clothing,524,176,3.8
1769,Clothing,177,95,3
1770,Clothing,284,271,4.3
1771,Clothing,565,120,3.1
1772,Home,420,173,4.7
1773,Home,356,159,4.7
1774,Electronics,438,235,4.4
1775,Home,578,177,4.7
1776,Clothing,141,122,3.2
1777,Home,485,66,3.6
1778,Electronics,199,104,4.2
1779,Electronics,501,268,4.2
1780,Electronics,180,105,3.5
1781,Electronics,543,54,4.7
1782,Electronics,108,273,3.5
1783,Clothing,93,121,4.7
1784,Clothing,472,210,4.1
1785,Electronics,555,72,3.9
1786,Clothing,212,274,3.7
1787,Electronics,497,206,4.1
1788,Home,242,102,4.7
1789,Electronics,290,233,4.7
1790,Home,273,215,3.8
1791,Home,55,56,3.1
1792,Clothing,139,88,4.1
1793,Clothing,455,118,3.2
1794,Home,211,136,4.2
1795,Clothing,378,62,4.1
1796,Home,182,137,3.7
1797,Electronics,84,64,4.5
1798,Home,551,278,4.2
1799,Home,131,213,3.2
1800,Home,43,166,3.9
1801,Clothing,265,155,4.5
1802,Electronics,147,116,4.6
1803,Home,489,297,3.8
1804,Clothing,588,89,4.1
1805,Clothing,108,85,4.3
1806,Home,184,181,4.6
1807,Clothing,120,128,3.1
1808,Clothing,258,220,4.5
1809,Electronics,359,140,3.5
1810,Clothing,138,158,4.6
1811,Clothing,25,176,4.1
1812,Electronics,115,202,4.2
1813,Home,403,108,3
1814,Electronics,571,169,4.1
1815,Home,548,105,4.4
1816,Electronics,483,159,4.3
1817,Home,399,117,3.1
1818,Home,35,168,3.5
1819,Home,130,137,3.3
1820,Electronics,477,282,4.9
1821,Clothing,539,179,3.8
1822,Home,186,63,3.1
1823,Home,409,281,3.5
1824,Home,24,288,3.1
1825,Electronics,192,268,3.9
1826,Clothing,428,207,4.2
1827,Electronics,596,103,4.4
1828,Home,409,177,4.5
1829,Clothing,453,293,4.7
1830,Clothing,247,63,4.5
1831,Home,563,183,4.4
1832,Electronics,330,210,3.5
1833,Clothing,141,61,3.6
1834,Clothing,455,86,4.8
1835,Home,32,158,5
1836,Clothing,466,244,3.4
1837,Home,288,145,4
1838,Home,503,137,3.3
1839,Clothing,532,95,3.3
1840,Clothing,437,216,3.7
1841,Electronics,332,199,4.9
1842,Electronics,575,271,4.5
1843,Clothing,358,198,3.8
1844,Clothing,31,130,3.9
1845,Home,576,115,5
1846,Electronics,520,145,3.1
1847,Clothing,77,191,4.3
1848,Electronics,529,66,4.1
1849,Home,76,136,3.1
1850,Clothing,541,298,4.7
1851,Home,54,225,3.9
1852,Clothing,282,90,4.7
1853,Home,216,254,3.1
1854,Home,295,190,3.6
1855,Home,511,93,3.2
1856,Clothing,504,110,3.3
1857,Clothing,391,244,4.9
1858,Electronics,131,255,3.2
1859,Clothing,60,245,4.9
1860,Clothing,332,143,4.7
1861,Electronics,495,283,3.2
1862,Clothing,249,280,4.3
1863,Home,48,155,3.5
1864,Clothing,255,206,3.6
1865,Electronics,575,132,5
1866,Home,337,124,4.5
1867,Clothing,395,138,4.3
1868,Electronics,495,251,4.3
1869,Clothing,240,267,4.2
1870,Home,301,121,4.2
1871,Electronics,355,223,4.7
1872,Home,237,101,4.3
1873,Home,546,111,5
1874,Electronics,349,57,3.8
1875,Clothing,331,160,4.6
1876,Clothing,327,119,4.1
1877,Clothing,278,295,3.5
1878,Clothing,126,52,5
1879,Electronics,192,276,4.5
1880,Home,172,289,4.3
1881,Electronics,104,283,5
1882,Electronics,552,210,4.3
1883,Home,146,198,5
1884,Electronics,497,53,4.3
1885,Electronics,202,143,5
1886,Home,334,81,3.1
1887,Electronics,260,110,3
1888,Home,117,166,4.9
1889,Home,40,86,4.4
1890,Electronics,177,151,3.2
1891,Clothing,307,247,3.2
1892,Electronics,503,266,4.2
1893,Home,153,215,4
1894,Electronics,155,106,4.5
1895,Clothing,281,240,3.1
1896,Clothing,207,238,3.6
1897,Clothing,293,190,3.1
1898,Home,109,185,3.4
1899,Electronics,68,237,3
1900,Electronics,496,204,3.1
1901,Clothing,348,66,4.7
1902,Electronics,541,275,4.7
1903,Electronics,372,228,4.2
1904,Home,397,222,4.5
1905,Electronics,221,138,4.7
1906,Electronics,467,99,3.8
1907,Electronics,402,218,3
1908,Home,106,191,3.7
1909,Home,185,132,4.8
1910,Home,564,231,4.2
1911,Clothing,500,121,4.9
1912,Home,513,253,3.3
1913,Clothing,143,297,3.1
1914,Electronics,103,159,3.5
1915,Clothing,306,294,4.9
1916,Electronics,512,125,3.8
1917,Clothing,94,270,4.6
1918,Clothing,460,67,4.9
1919,Home,389,174,4.5
1920,Electronics,56,115,4.6
1921,Electronics,258,241,3.9
1922,Home,321,211,3.2
1923,Electronics,60,65,4.2
1924,Electronics,216,107,4.4
1925,Electronics,557,144,4
1926,Clothing,599,192,4.7
1927,Clothing,570,235,3.8
1928,Electronics,59,127,3.1
1929,Clothing,336,272,4
1930,Electronics,196,139,3.1
1931,Home,471,139,4.2
1932,Home,85,163,3.9
1933,Home,314,143,3.3
1934,Electronics,239,88,3.8
1935,Clothing,333,298,3.4
1936,Electronics,581,98,3.5
1937,Clothing,141,147,4.3
1938,Electronics,343,233,3.7
1939,Home,574,139,4
1940,Electronics,79,211,4.7
1941,Clothing,488,149,4.4
1942,Home,360,152,4.5
1943,Electronics,512,63,3.8
1944,Home,268,235,3.7
1945,Clothing,311,124,3.9
1946,Clothing,98,195,4.8
1947,Home,566,126,3.5
1948,Clothing,82,87,3.7
1949,Clothing,352,215,3.9
1950,Home,551,139,4.6
1951,Home,92,273,3.5
1952,Home,516,145,3.8
1953,Clothing,157,112,3.4
1954,Clothing,503,295,3.7
1955,Electronics,145,229,5
1956,Home,314,152,4
1957,Home,357,193,4.9
1958,Home,266,170,5
1959,Clothing,593,282,4.2
1960,Electronics,301,298,4.5
1961,Electronics,57,181,4.6
1962,Electronics,208,212,3.2
1963,Home,582,164,3.7
1964,Home,546,183,3.4
1965,Clothing,37,74,4.2
1966,Electronics,427,211,3.4
1967,Clothing,282,206,4.2
1968,Clothing,198,117,3.3
1969,Electronics,139,73,3.8
1970,Home,554,159,4.3
1971,Home,261,69,4.4
1972,Electronics,452,138,4.1
1973,Clothing,226,167,4.9
1974,Electronics,307,193,4.6
1975,Electronics,542,284,4.3
1976,Home,188,77,3.9
1977,Clothing,555,54,4.6
1978,Electronics,250,149,3.1
1979,Electronics,209,78,4.9
1980,Electronics,534,224,4.8
1981,Clothing,579,236,4.6
1982,Clothing,394,113,4.9
1983,Electronics,75,207,4.6
1984,Clothing,553,139,3.6
1985,Electronics,327,178,4.2
1986,Home,568,291,4.4
1987,Electronics,207,242,3.6
1988,Electronics,353,239,3.8
1989,Clothing,172,211,4.9
1990,Home,465,227,4.4
1991,Electronics,129,149,3.4
1992,Electronics,485,208,3.7
1993,Home,70,285,3.9
1994,Electronics,65,156,4.1
1995,Home,572,211,4.7
1996,Clothing,134,262,4.4
1997,Home,550,90,3.1
1998,Clothing,481,234,3.9
1999,Clothing,405,270,3.1
2000,Home,47,53,3.6
2001,Electronics,445,217,3.8
2002,Electronics,252,202,3.2
2003,Electronics,510,209,3.2
2004,Clothing,314,132,4
2005,Home,186,240,3.6
2006,Electronics,409,158,4.3
2007,Electronics,558,119,3.1
2008,Clothing,35,97,3.6
2009,Electronics,206,263,3.2
2010,Clothing,502,54,3.7
2011,Clothing,446,225,4.4
2012,Clothing,277,170,3.4
2013,Electronics,444,69,3.6
2014,Electronics,101,109,4.2
2015,Home,185,221,3.4
2016,Home,241,74,5
2017,Clothing,64,240,4.9
2018,Home,89,168,4.1
2019,Clothing,157,257,3.6
2020,Electronics,384,245,5
2021,Home,456,230,4.1
2022,Electronics,311,269,3.5
2023,Home,185,153,4.4
2024,Electronics,506,211,3.1
2025,Home,587,52,3.9
2026,Electronics,526,210,3.9
2027,Clothing,255,190,4.3
2028,Electronics,589,256,3.3
2029,Home,318,149,3.1
2030,Home,275,54,3.6
2031,Clothing,116,288,4.1
2032,Home,594,237,3.8
2033,Electronics,456,55,3.3
2034,Home,567,173,4.8
2035,Home,251,254,3.7
2036,Clothing,259,128,3.3
2037,Electronics,331,249,4.7
2038,Clothing,380,275,4.9
2039,Electronics,41,213,4.4
2040,Clothing,39,102,3.9
2041,Electronics,213,54,4
2042,Electronics,494,193,3
2043,Clothing,420,277,4.3
2044,Clothing,443,160,4.6
2045,Electronics,397,139,4.1
2046,Electronics,378,86,4.7
2047,Home,409,277,4.9
2048,Electronics,535,121,3.1
2049,Electronics,70,293,4.9
2050,Clothing,240,285,4.7
2051,Clothing,329,292,4.9
2052,Home,153,167,4.3
2053,Electronics,374,105,3.7
2054,Clothing,134,83,3.8
2055,Clothing,53,137,4.7
2056,Clothing,547,77,4.7
2057,Clothing,474,98,4.5
2058,Electronics,82,269,5
2059,Home,107,153,3.2
2060,Clothing,583,256,3.2
2061,Electronics,569,71,5
2062,Home,598,125,4.7
2063,Electronics,138,203,4.1
2064,Clothing,60,273,3.5
2065,Electronics,79,199,3.6
2066,Electronics,270,223,4
2067,Clothing,171,177,3.3
2068,Home,579,139,3.3
2069,Electronics,559,272,3.2
2070,Electronics,254,142,4.8
2071,Electronics,324,83,3.8
2072,Electronics,211,209,4.1
2073,Home,404,66,4.5
2074,Clothing,252,177,4.5
2075,Clothing,405,232,4.4
2076,Electronics,273,60,4.1
2077,Electronics,425,90,4.8
2078,Clothing,469,86,4.5
2079,Home,481,228,3.4
2080,Home,215,133,3.8
2081,Electronics,512,98,3.9
2082,Electronics,251,193,4.7
2083,Clothing,136,252,3.5
2084,Electronics,546,216,5
2085,Home,401,62,4.1
2086,Home,223,171,4.4
2087,Home,322,118,4.1
2088,Clothing,466,59,3.8
2089,Clothing,472,197,3.4
2090,Home,52,170,5
2091,Clothing,101,275,3.7
2092,Home,412,159,3.7
2093,Clothing,235,236,3
2094,Electronics,29,117,4.2
2095,Home,24,264,3.9
2096,Electronics,313,131,3
2097,Clothing,340,199,3.8
2098,Electronics,317,170,4.9
2099,Home,455,78,4.5
2100,Clothing,510,196,4.7
